{"arroser":[1.000000],"humidite":[1023.000000],"city":["Chambery"]}